{
  "mae_folds": [
    431.54749999999996,
    491.0739973544973,
    485.6855185185185
  ],
  "rmse_folds": [
    605.236953540145,
    626.6408509236966,
    702.3018312282372
  ],
  "mae_mean": 469.4356719576719,
  "rmse_mean": 644.726545230693,
  "n_months": 148,
  "n_records": 25337
}
